wallet name,wallet address
151,0x28C6c09889d761125355709d2e05bEE918412592
152,0x97D5E5CA257d80D7E816cEE294D651934F164650
153,0x5a627f26721c6B74813F131D9F6eF5D4055AD1Be
154,0x574c985C7BC44A0117aA5041127e370E97f9bA59
155,0x63699276Ce1c62D97d946217523E7bB8648dB69E
156,0xBf828595333f27188Ad053f5bD3D6bbe449D6764
157,0x4a1223E014a6EfE741b9f12E86bE394D594208B6
158,0xFeCa5951beA711Da8e3Cc2DDC8c33f1a81c837bB
159,0x8C1B8E0287c54E04BFAC6B89854197165A47DE10
160,0xA4dC6dB92A129Cb9CbAD6251AA2bFd43F27f3AB7
161,0x96b9c1ff6903828c7Ee04e4E9cb2D7b114d84322
162,0xfA55BFdeEC65610254ce7d26362F4B1DCbC2E955
163,0x8c81f68F4578054626F2cB11cF5e2267f88B93CF
164,0xAf4375Fe5beEb56CD2B44B1C444bD3CCF76e3592
165,0x7223EB17F113Fd7Fd4957831477345DFB35A0Eaa
166,0x9d0cc1Fad24D92ca8956a9baDA8dbD34b91B3adb
167,0x704d7E604573FFb9343C527A34E6E2b73e26d952
168,0x283Db12B6C11305a4580e1EEa6f310EaC0a6f591
169,0xcc925b78F17996D4f11Ff2F6bd8f1d5dFA31fd1e
170,0xE8E599cAa21B811f6bbc28B66010B6A46C734df5
171,0x87Cc92f8316D6189d4FAf98959e69F5D87a53Af1
172,0x6c3163Ea4D1E4b531604A3FF83F4E3Af8aDEe85f
173,0xf02Df6868faf3D7F7127176f8e0c9F70eeA19c8e
174,0x0e5ff5F165c053aEd13dA601E5e997a73B8a65B1
175,0xA8F029c238223982D1215ee90a426e918Ae8d552
176,0x561a03cA28ff3f3783604103e3E53b626900AA5b
177,0xf4c13E4D244029848af2B4Dc749468da98A81C98
178,0xC1db93e47d9991fE06B3f2688F0801a4B11C5850
179,0x1AffeA844cD54dF5c3094E18A9a609C38d2A6a92
180,0xE0f9Fc99F2F51BBff27a4E4202A19048A6770bfa
